bibtex_key,title,first_author_or_org,year,venue_or_record,stable_locator_if_audited,cited_in_manuscript,read_depth,manuscript_role,bytes_redistributed
raina_thesis,Energy-Efficient Circuits and Systems for Computational Imaging and Vision on Mobile Devices,Priyanka Raina,2018,Massachusetts Institute of Technology,https://dspace.mit.edu/entities/publication/97968d0e-b240-4a5e-a137-7b40fbee95e1,yes,official metadata and abstract inspected; full thesis bitstream not retrieved,scholarly ancestor and scope boundary,no
raina_deblur,An Energy-Scalable Accelerator for Blind Image Deblurring,Priyanka Raina,2017,IEEE Journal of Solid-State Circuits,https://doi.org/10.1109/JSSC.2017.2682842,yes,authoritative bibliographic record verified; technical use limited to the stated broad context,background and coverage citation,no
rithe_photo,Reconfigurable Processor for Energy-Efficient Computational Photography,Rahul Rithe,2013,IEEE Journal of Solid-State Circuits,https://doi.org/10.1109/JSSC.2013.2282614,yes,authoritative bibliographic record verified; technical use limited to the stated broad context,background and coverage citation,no
horowitz_energy,Computing's Energy Problem (and What We Can Do About It),Mark Horowitz,2014,IEEE International Solid-State Circuits Conference Digest of Technical Papers,https://doi.org/10.1109/ISSCC.2014.6757323,yes,substantive source material or authoritative publication record inspected for the stated comparison,"influential, adjacent, or current-context calibration",no
sze_survey,Efficient Processing of Deep Neural Networks: A Tutorial and Survey,Vivienne Sze,2017,Proceedings of the IEEE,https://doi.org/10.1109/JPROC.2017.2761740,yes,authoritative bibliographic record verified; technical use limited to the stated broad context,background and coverage citation,no
eyeriss,Eyeriss: An Energy-Efficient Reconfigurable Accelerator for Deep Convolutional Neural Networks,Yu-Hsin Chen,2017,IEEE Journal of Solid-State Circuits,https://doi.org/10.1109/JSSC.2016.2616357,yes,substantive source material or authoritative publication record inspected for the stated comparison,"influential, adjacent, or current-context calibration",no
eyerissv2,Eyeriss v2: A Flexible Accelerator for Emerging Deep Neural Networks on Mobile Devices,Yu-Hsin Chen,2019,IEEE Journal on Emerging and Selected Topics in Circuits and Systems,https://doi.org/10.1109/JETCAS.2019.2910232,yes,authoritative bibliographic record verified; technical use limited to the stated broad context,background and coverage citation,no
tpu,In-Datacenter Performance Analysis of a Tensor Processing Unit,Norman P. Jouppi,2017,ACM/IEEE International Symposium on Computer Architecture,https://doi.org/10.1145/3079856.3080246,yes,substantive source material or authoritative publication record inspected for the stated comparison,"influential, adjacent, or current-context calibration",no
diannao,DianNao: A Small-Footprint High-Throughput Accelerator for Ubiquitous Machine-Learning,Tianshi Chen,2014,International Conference on Architectural Support for Programming Languages and Operating Systems,https://doi.org/10.1145/2541940.2541967,yes,authoritative bibliographic record verified; technical use limited to the stated broad context,background and coverage citation,no
dadiannao,DaDianNao: A Machine-Learning Supercomputer,Yunji Chen,2014,IEEE/ACM International Symposium on Microarchitecture,https://doi.org/10.1109/MICRO.2014.58,yes,authoritative bibliographic record verified; technical use limited to the stated broad context,background and coverage citation,no
eie,EIE: Efficient Inference Engine on Compressed Deep Neural Network,Song Han,2016,ACM/IEEE International Symposium on Computer Architecture,https://doi.org/10.1109/ISCA.2016.30,yes,authoritative bibliographic record verified; technical use limited to the stated broad context,background and coverage citation,no
scnn,SCNN: An Accelerator for Compressed-Sparse Convolutional Neural Networks,Angshuman Parashar,2017,ACM/IEEE International Symposium on Computer Architecture,https://doi.org/10.1145/3079856.3080254,yes,authoritative bibliographic record verified; technical use limited to the stated broad context,background and coverage citation,no
tetris,TETRIS: Scalable and Efficient Neural Network Acceleration with 3D Memory,Mingyu Gao,2017,International Conference on Architectural Support for Programming Languages and Operating Systems,https://doi.org/10.1145/3037697.3037702,yes,authoritative bibliographic record verified; technical use limited to the stated broad context,background and coverage citation,no
simba,Simba: Scaling Deep-Learning Inference with Multi-Chip-Module-Based Architecture,Yakun Sophia Shao,2019,IEEE/ACM International Symposium on Microarchitecture,https://doi.org/10.1145/3352460.3358302,yes,authoritative bibliographic record verified; technical use limited to the stated broad context,background and coverage citation,no
bitfusion,Bit Fusion: Bit-Level Dynamically Composable Architecture for Accelerating Deep Neural Networks,Hardik Sharma,2018,ACM/IEEE International Symposium on Computer Architecture,https://doi.org/10.1109/ISCA.2018.00069,yes,authoritative bibliographic record verified; technical use limited to the stated broad context,background and coverage citation,no
vta,A Hardware--Software Blueprint for Flexible Deep Learning Specialization,Thierry Moreau,2019,IEEE Micro,https://doi.org/10.1109/MM.2019.2928962,yes,authoritative bibliographic record verified; technical use limited to the stated broad context,background and coverage citation,no
brainwave,A Configurable Cloud-Scale DNN Processor for Real-Time AI,Jeremy Fowers,2018,ACM/IEEE International Symposium on Computer Architecture,https://doi.org/10.1109/ISCA.2018.00012,yes,authoritative bibliographic record verified; technical use limited to the stated broad context,background and coverage citation,no
caffeine,Caffeine: Toward Uniformed Representation and Acceleration for Deep Convolutional Neural Networks,Chen Zhang,2016,IEEE/ACM International Conference on Computer-Aided Design,https://doi.org/10.1145/2966986.2967011,yes,authoritative bibliographic record verified; technical use limited to the stated broad context,background and coverage citation,no
finn,"FINN: A Framework for Fast, Scalable Binarized Neural Network Inference",Yaman Umuroglu,2017,ACM/SIGDA International Symposium on Field-Programmable Gate Arrays,https://doi.org/10.1145/3020078.3021744,yes,authoritative bibliographic record verified; technical use limited to the stated broad context,background and coverage citation,no
accelergy,Accelergy: An Architecture-Level Energy Estimation Methodology for Accelerator Designs,Yannan N. Wu,2019,IEEE/ACM International Conference on Computer-Aided Design,https://accelergy.mit.edu/paper.pdf,yes,"full official, author, proceedings, or arXiv source inspected for the manuscript comparison",closest-work calibration,no
timeloop,Timeloop: A Systematic Approach to DNN Accelerator Evaluation,Angshuman Parashar,2019,IEEE International Symposium on Performance Analysis of Systems and Software,https://accelergy.mit.edu/timeloop.pdf,yes,"full official, author, proceedings, or arXiv source inspected for the manuscript comparison",closest-work calibration,no
maestro,"MAESTRO: A Data-Centric Approach to Understand Reuse, Performance, and Hardware Cost of DNN Mappings",Hyoukjun Kwon,2020,IEEE Micro,https://doi.org/10.1109/MM.2020.2985963,yes,substantive source material or authoritative publication record inspected for the stated comparison,"influential, adjacent, or current-context calibration",no
interstellar,Interstellar: Using Halide's Scheduling Language to Analyze DNN Accelerators,Xuan Yang,2020,International Conference on Architectural Support for Programming Languages and Operating Systems,https://arxiv.org/abs/1809.04070,yes,"full official, author, proceedings, or arXiv source inspected for the manuscript comparison",closest-work calibration,no
zigzag,ZigZag: Enlarging Joint Architecture-Mapping Design Space Exploration for DNN Accelerators,Linyan Mei,2021,IEEE Transactions on Computers,https://arxiv.org/abs/2007.11360,yes,"full official, author, proceedings, or arXiv source inspected for the manuscript comparison",closest-work calibration,no
gamma,GAMMA: Automating the HW Mapping of DNN Models on Accelerators via Genetic Algorithm,Sheng-Chun Kao,2020,IEEE/ACM International Conference on Computer-Aided Design,https://doi.org/10.1145/3400302.3415639,yes,authoritative bibliographic record verified; technical use limited to the stated broad context,background and coverage citation,no
confuciux,ConfuciuX: Autonomous Hardware Resource Assignment for DNN Accelerators Using Reinforcement Learning,Sheng-Chun Kao,2020,IEEE/ACM International Symposium on Microarchitecture,https://doi.org/10.1109/MICRO50266.2020.00058,yes,authoritative bibliographic record verified; technical use limited to the stated broad context,background and coverage citation,no
archgym,ArchGym: An Open-Source Gymnasium for Machine Learning Assisted Architecture Design,Srivatsan Krishnan,2023,ACM/IEEE International Symposium on Computer Architecture,https://doi.org/10.1145/3579371.3589049,yes,authoritative bibliographic record verified; technical use limited to the stated broad context,background and coverage citation,no
sparseloop,Sparseloop: An Analytical Approach to Sparse Tensor Accelerator Modeling,Yannan N. Wu,2022,IEEE/ACM International Symposium on Microarchitecture,https://arxiv.org/abs/2205.05826,yes,"full official, author, proceedings, or arXiv source inspected for the manuscript comparison",closest-work calibration,no
roofline,Roofline: An Insightful Visual Performance Model for Multicore Architectures,Samuel Williams,2009,Communications of the ACM,https://doi.org/10.1145/1498765.1498785,yes,substantive source material or authoritative publication record inspected for the stated comparison,"influential, adjacent, or current-context calibration",no
aladdin,"Aladdin: A Pre-RTL, Power-Performance Accelerator Simulator Enabling Large Design Space Exploration of Customized Architectures",Yakun Sophia Shao,2014,ACM/IEEE International Symposium on Computer Architecture,https://doi.org/10.1145/2665671.2665719,yes,substantive source material or authoritative publication record inspected for the stated comparison,"influential, adjacent, or current-context calibration",no
mcpat,"McPAT: An Integrated Power, Area, and Timing Modeling Framework for Multicore and Manycore Architectures",Sheng Li,2009,IEEE/ACM International Symposium on Microarchitecture,https://doi.org/10.1145/1669112.1669172,yes,authoritative bibliographic record verified; technical use limited to the stated broad context,background and coverage citation,no
halide,"Halide: A Language and Compiler for Optimizing Parallelism, Locality, and Recomputation in Image Processing Pipelines",Jonathan Ragan-Kelley,2013,ACM SIGPLAN Conference on Programming Language Design and Implementation,https://doi.org/10.1145/2491956.2462176,yes,authoritative bibliographic record verified; technical use limited to the stated broad context,background and coverage citation,no
autotvm,Learning to Optimize Tensor Programs,Tianqi Chen,2018,Advances in Neural Information Processing Systems,https://arxiv.org/abs/1805.08166,yes,authoritative bibliographic record verified; technical use limited to the stated broad context,background and coverage citation,no
tvm,TVM: An Automated End-to-End Optimizing Compiler for Deep Learning,Tianqi Chen,2018,USENIX Symposium on Operating Systems Design and Implementation,https://www.usenix.org/conference/osdi18/presentation/chen,yes,authoritative bibliographic record verified; technical use limited to the stated broad context,background and coverage citation,no
ansor,Ansor: Generating High-Performance Tensor Programs for Deep Learning,Lianmin Zheng,2020,USENIX Symposium on Operating Systems Design and Implementation,https://www.usenix.org/conference/osdi20/presentation/zheng,yes,authoritative bibliographic record verified; technical use limited to the stated broad context,background and coverage citation,no
mlir,MLIR: Scaling Compiler Infrastructure for Domain Specific Computation,Chris Lattner,2021,IEEE/ACM International Symposium on Code Generation and Optimization,https://doi.org/10.1109/CGO51591.2021.9370308,yes,authoritative bibliographic record verified; technical use limited to the stated broad context,background and coverage citation,no
tiramisu,Tiramisu: A Polyhedral Compiler for Expressing Fast and Portable Code,Riyadh Baghdadi,2019,"2019 IEEE/ACM International Symposium on Code Generation and Optimization (CGO), pp. 193-205",https://doi.org/10.1109/CGO.2019.8661197,yes,first-party arXiv author/title record and formal CGO DOI metadata checked; technical use limited to broad compiler context,background and coverage citation,no
taco,The Tensor Algebra Compiler,Fredrik Kjolstad,2017,Proceedings of the ACM on Programming Languages,https://doi.org/10.1145/3133901,yes,authoritative bibliographic record verified; technical use limited to the stated broad context,background and coverage citation,no
glow,Glow: Graph Lowering Compiler Techniques for Neural Networks,Nadav Rotem,2018,arXiv:1805.00907,https://arxiv.org/abs/1805.00907,yes,first-party arXiv record checked: submitted May 2018 and revised April 2019; no CGO publication record claimed,background and coverage citation,no
adres,ADRES: An Architecture with Tightly Coupled VLIW Processor and Coarse-Grained Reconfigurable Matrix,Bingfeng Mei,2003,International Conference on Field Programmable Logic and Applications,https://doi.org/10.1007/978-3-540-45234-8_7,yes,authoritative bibliographic record verified; technical use limited to the stated broad context,background and coverage citation,no
morphosys,MorphoSys: An Integrated Reconfigurable System for Data-Parallel and Computation-Intensive Applications,Harold Singh,2000,IEEE Transactions on Computers,https://doi.org/10.1109/12.859540,yes,authoritative bibliographic record verified; technical use limited to the stated broad context,background and coverage citation,no
piperench,PipeRench: A Reconfigurable Architecture and Compiler,Seth C. Goldstein,2000,Computer 33(4):70-77,https://doi.org/10.1109/2.839324,yes,first-party CMU repository metadata and linked IEEE DOI record checked; technical use limited to broad architecture context,background and coverage citation,no
dyser,DySER: Unifying Functionality and Parallelism Specialization for Energy-Efficient Computing,Venkatraman Govindaraju,2012,IEEE Micro,https://doi.org/10.1109/MM.2012.51,yes,authoritative bibliographic record verified; technical use limited to the stated broad context,background and coverage citation,no
plasticine,Plasticine: A Reconfigurable Architecture for Parallel Patterns,Raghu Prabhakar,2017,ACM/IEEE International Symposium on Computer Architecture,https://doi.org/10.1145/3079856.3080256,yes,authoritative bibliographic record verified; technical use limited to the stated broad context,background and coverage citation,no
dsagen,DSAGEN: Synthesizing Programmable Spatial Accelerators,Jian Weng,2020,ACM/IEEE International Symposium on Computer Architecture,https://doi.org/10.1109/ISCA45697.2020.00032,yes,authoritative bibliographic record verified; technical use limited to the stated broad context,background and coverage citation,no
hycube,HyCUBE: A CGRA with Reconfigurable Single-Cycle Multi-Hop Interconnect,Manupa Karunaratne,2017,ACM/EDAC/IEEE Design Automation Conference,https://doi.org/10.1145/3061639.3062262,yes,authoritative bibliographic record verified; technical use limited to the stated broad context,background and coverage citation,no
cgra_mapping,High Throughput Data Mapping for Coarse-Grained Reconfigurable Architectures,Yongjoo Kim,2011,IEEE Transactions on Computer-Aided Design of Integrated Circuits and Systems,https://doi.org/10.1109/TCAD.2011.2161217,yes,authoritative bibliographic record verified; technical use limited to the stated broad context,background and coverage citation,no
satmapit,SAT-Based Exact Modulo Scheduling Mapping for Resource-Constrained CGRAs,Cristian Tirelli,2024,arXiv:2402.12834,https://arxiv.org/abs/2402.12834,yes,"full official, author, proceedings, or arXiv source inspected for the manuscript comparison",closest-work calibration,no
canal,Canal: A Flexible Interconnect Generator for Coarse-Grained Reconfigurable Arrays,Jackson Melchert,2023,IEEE Computer Architecture Letters,https://arxiv.org/abs/2211.17207,yes,"full official, author, proceedings, or arXiv source inspected for the manuscript comparison",closest-work calibration,no
cascade,Cascade: An Application Pipelining Toolkit for Coarse-Grained Reconfigurable Arrays,Jackson Melchert,2024,IEEE Transactions on Computer-Aided Design of Integrated Circuits and Systems,https://arxiv.org/abs/2211.13182,yes,"full official, author, proceedings, or arXiv source inspected for the manuscript comparison",closest-work calibration,no
aha,AHA: An Agile Approach to the Design of Coarse-Grained Reconfigurable Accelerators and Compilers,Kalhan Koul,2023,ACM Transactions on Embedded Computing Systems,https://doi.org/10.1145/3534933,yes,substantive source material or authoritative publication record inspected for the stated comparison,"influential, adjacent, or current-context calibration",no
unified_buffer,Unified Buffer: Compiling Image Processing and Machine Learning Applications to Push-Memory Accelerators,Qiaoyi Liu,2023,ACM Transactions on Architecture and Code Optimization,https://arxiv.org/abs/2105.12858,yes,"full official, author, proceedings, or arXiv source inspected for the manuscript comparison",closest-work calibration,no
peak,PEak: A Single Source of Truth for Hardware Design and Verification,Caleb Donovick,2026,ACM Transactions on Embedded Computing Systems,https://doi.org/10.1145/3703456,yes,full arXiv source and authoritative ACM publication metadata inspected for the manuscript comparison,closest-work calibration,no
apex,APEX: A Framework for Automated Processing Element Design Space Exploration Using Frequent Subgraph Analysis,Jackson Melchert,2023,International Conference on Architectural Support for Programming Languages and Operating Systems,https://doi.org/10.1145/3582016.3582070,yes,substantive source material or authoritative publication record inspected for the stated comparison,"influential, adjacent, or current-context calibration",no
onyx,Onyx: A 12-nm Programmable Accelerator for Dense and Sparse Applications,Kalhan Koul,2026,IEEE Journal of Solid-State Circuits,https://doi.org/10.1109/JSSC.2025.3604724,yes,substantive source material or authoritative publication record inspected for the stated comparison,"influential, adjacent, or current-context calibration",no
voyager,Voyager: An End-to-End Framework for Design-Space Exploration and Generation of DNN Accelerators,Kartik Prabhu,2025,arXiv:2509.15205,https://arxiv.org/abs/2509.15205,yes,full arXiv preprint inspected for the manuscript comparison,"influential, adjacent, or current-context calibration",no
translation_validation,Automated Translation Validation of a Compiler for Statically Scheduled Accelerators,Jackson Melchert,2025,Formal Methods in Computer-Aided Design,https://doi.org/10.34727/2025/isbn.978-3-85448-084-6_26,yes,"full official, author, proceedings, or arXiv source inspected for the manuscript comparison",closest-work calibration,no
banakar,Scratchpad Memory: Design Alternative for Cache On-Chip Memory in Embedded Systems,Rajeshwari Banakar,2002,International Symposium on Hardware/Software Codesign,https://doi.org/10.1145/774789.774805,yes,substantive source material or authoritative publication record inspected for the stated comparison,"influential, adjacent, or current-context calibration",no
udayakumaran,Compiler-Decided Dynamic Memory Allocation for Scratch-Pad Based Embedded Systems,Sumesh Udayakumaran,2003,"International Conference on Compilers, Architecture, and Synthesis for Embedded Systems",https://doi.org/10.1145/951710.951747,yes,authoritative bibliographic record verified; technical use limited to the stated broad context,background and coverage citation,no
verma,Dynamic Overlay of Scratchpad Memory for Energy Minimization,Manish Verma,2004,International Conference on Hardware/Software Codesign and System Synthesis,https://doi.org/10.1145/1016720.1016748,yes,authoritative bibliographic record verified; technical use limited to the stated broad context,background and coverage citation,no
angiolini,Polynomial-Time Algorithm for On-Chip Scratchpad Memory Partitioning,Federico Angiolini,2003,"International Conference on Compilers, Architecture, and Synthesis for Embedded Systems",https://doi.org/10.1145/951710.951751,yes,authoritative bibliographic record verified; technical use limited to the stated broad context,background and coverage citation,no
morse,On the Limitations of Analysing Worst-Case Dynamic Energy of Processing,Jeremy Morse,2018,arXiv:1603.02580,https://arxiv.org/abs/1603.02580,yes,substantive source material or authoritative publication record inspected for the stated comparison,"influential, adjacent, or current-context calibration",no
energyanalyzer,EnergyAnalyzer: Using Static WCET Analysis Techniques to Estimate the Energy Consumption of Embedded Applications,Simon Wegener,2023,International Workshop on Worst-Case Execution Time Analysis,https://arxiv.org/abs/2305.14968,yes,substantive source material or authoritative publication record inspected for the stated comparison,"influential, adjacent, or current-context calibration",no
pcc,Proof-Carrying Code,George C. Necula,1997,ACM SIGPLAN-SIGACT Symposium on Principles of Programming Languages,https://doi.org/10.1145/263699.263712,yes,substantive source material or authoritative publication record inspected for the stated comparison,"influential, adjacent, or current-context calibration",no
certifying_algorithms,Certifying Algorithms,Ross M. McConnell,2011,Computer Science Review,https://doi.org/10.1016/j.cosrev.2010.09.009,yes,substantive source material or authoritative publication record inspected for the stated comparison,"influential, adjacent, or current-context calibration",no
dijkstra,A Note on Two Problems in Connexion with Graphs,Edsger W. Dijkstra,1959,Numerische Mathematik,https://doi.org/10.1007/BF01386390,yes,substantive source material or authoritative publication record inspected for the stated comparison,"influential, adjacent, or current-context calibration",no
capstone,Capstone: Power-Capped Pipelining for Coarse-Grained Reconfigurable Array Compilers,Sabrina Yarzada,2026,arXiv:2603.00909,https://arxiv.org/abs/2603.00909,yes,"full official, author, proceedings, or arXiv source inspected for the manuscript comparison",closest-work calibration,no
