id,claim,theorem_or_argument,checker_or_source,input,evidence,raw_result,figure_or_table,maturity,fresh_recheck
C01,Every legal action preserves completed/live/resident/dirty invariants and never loses a live dirty value,Lemma 1 (state preservation); proofs/semantics.md Sections 1-3,src/model.py; independent src/checker.py reconstruction,all 166 frozen instances,state invariants validated for every listed state and every replayed action,results/certificates/; results/semantic-differential.json,fig:schedule,written proof plus finite checks; not mechanized,python -m unittest discover -s tests -v; python verify.py
C02,Complete declared nonnegative-integer event intervals compose conditionally along a legal plan,Theorem 2 (conditional additive interval bound); proofs/semantics.md Section 3,src/checker.py trace replay and exact event recount,158 feasible certificates plus a half-unit out-of-domain regression,integer endpoints are strictly parsed; both path endpoints are recomputed from event counts; half-unit input is rejected,results/certificates/,fig:boundary,conditional written proof over the declared integer endpoint domain; no physical calibration or real-valued checker claim,python -m unittest discover -s tests -v; python verify.py
C03,The tuple completed-set identity mode resident identities and dirty identities erases history in the declared machine,Theorem 3 (history erasure); proofs/semantics.md Section 4,two transition implementations; Theorem 3 proof; projection analysis sanity check,all reachable states in the frozen batch,transition functions depend only on the tuple; the full key forms 13570 singleton groups and therefore cannot itself test history merging,results/semantic-differential.json; results/abstraction-ablation.json,tab:ablation,model-relative written theorem; coarse projections provide finite adversarial counterexamples,python -m unittest discover -s tests -v; python summarize.py --out results
C04,An accepted feasible certificate proves the exact minimum upper cost,Theorem 4 (feasible-certificate soundness); proofs/semantics.md Section 5,src/checker.py,158 feasible fixtures,"legal attained trace plus exact source-reachable closure, goal labels, dead propagation, and Bellman inequalities",results/certificates/; results/summary.json,tab:obligations,written soundness proof plus 158 checks,python verify.py
C05,An accepted infeasible certificate proves that no goal is reachable,Theorem 5 (infeasible-certificate soundness); proofs/semantics.md Section 5,src/checker.py,8 infeasible fixtures,dead source plus inductive dead-successor condition over the exact source-reachable closure,results/certificates/; results/summary.json,tab:obligations,written soundness proof plus 8 checks,python verify.py
C06,Every finite declared nonnegative-integer-endpoint instance fitting the ceilings has an accepted certificate of exactly one status,Theorem 6 (format completeness for finite nonnegative-integer-endpoint instances); proofs/semantics.md Section 5,finite closure and exact-distance construction,arbitrary finite nonnegative-integer-endpoint instance under the model; 166 cases operationally,nonnegative-integer edge weights give integer shortest-distance labels; half-unit endpoints are explicitly outside the format,proofs/semantics.md; results/summary.json,tab:obligations,written format-completeness proof for the integer endpoint domain; certificate may be graph-sized,artifact-only proof inspection; python verify.py
C07,Destructive and retaining boundary optima are 52 and 38 abstract units,destructive-switch counterexample and finite validation,pilot.py; src/oracle.py; checker,inputs/boundary-flush.json; inputs/boundary-retain.json,planner oracle and checker agree,results/pilot.json; results/boundary-*-certificate.json,fig:boundary,finite checked; not joules,python pilot.py
C08,Ready-set scheduling reaches 102 versus exact fixed-list 182 and home-sealed 158 on schedule-4-1-40,ready-set example; restricted-policy inclusions on their declared domains,planner; src/baseline.py; checker; oracle; tests/test_declared_domains.py,two-mode schedule-4-1-40 frozen fixture; separate three-mode guard regression,all archived traces replay; oracle agrees; certified run order 0-2-1-3-4; home-sealed rejects more than two modes,results/schedule-costs.csv; results/certificates/schedule-4-1-40.json,tab:events; tab:schedule,finite two-mode synthetic discrimination result; no three-mode home-sealed exactness claim,python -m unittest discover -s tests -v; python reproduce.py --out <fresh>
C09,Ten of twelve schedule fixtures improve over fixed list order and maximum saving is 108,frozen schedule comparison,run.py; summarize.py,12 prespecified schedule fixtures,exact ready and exact restricted baseline compared with identical coefficients,results/schedule-costs.csv; results/summary.json,tab:schedule,finite synthetic result; not workload speedup,python reproduce.py --out <fresh>
C10,Topological relisting of incomparable nodes preserves ready-set optimum,Proposition 11 (topological relisting invariance); proofs/semantics.md Section 9,tests/test_certificates.py,schedule relisting metamorphism,transition-graph isomorphism argument and executable metamorphism,results/mutations.json,none,written proposition plus one finite metamorphism,python -m unittest discover -s tests -v
C11,Equal completed set mode residence and dirty count can have continuation costs 22 and 30 when dirty identity differs,dirty-identity counterexample; proofs/semantics.md Section 6,certificate labels plus explicit suffixes,dirty-identity frozen fixture,reachable states differ only in dirty identity; explicit mandatory store accounts for spread eight,results/certificates/dirty-identity.json; results/summary.json,tab:ablation,written counterexample plus finite exact labels,python summarize.py --out results
C12,"Across 13570 represented states the full key yields 13570 singleton groups and zero conflicts; seven stated coarsenings yield 2493, 482, 3517, 153, 936, 661, and 591 ambiguous groups",structural full-key sanity check plus complete projection ablation over certified closures,analyze_abstractions.py,all 166 complete certificate closures,full-key groups are singletons by construction; exact checked continuation labels give genuine conflicts only after each stated coarsening,results/abstraction-ablation.json; results/abstraction-ablation.csv,tab:ablation,finite counterexamples to coarse projections; full row is not direct experimental validation of history erasure,python analyze_abstractions.py --out results
C13,Mandatory persistence with fixed store cost and no side effects admits an additive writeback potential,Theorem 7 (mandatory-persistence potential); proofs/semantics.md Section 7,written trace transformation,states satisfying explicit theorem hypotheses,early-store and deleted-first-store transformations,proofs/semantics.md,none,written sufficient-condition theorem; not silently used by solver,artifact-only proof inspection
C14,The non-memoized two-mode ready-set stage oracle is exact under its declared normal form,Lemma 9 (ready-set stage normal form); proofs/semantics.md Section 9,src/oracle.py,90 fixtures with at most five nodes,"6400 complete plans and 10046 visits agree with producer, including infeasible cases",results/summary.json; results/chunk-*.json,tab:aggregate,written normal-form proof plus bounded comparison,python reproduce.py --out <fresh>
C15,Increasing capacity or replacing destructive by same-cost retention cannot raise the model optimum,Proposition 13 (plan-inclusion monotonicity); proofs/semantics.md Section 10,plan inclusion proof and paired fixtures,36 capacity pairs and 36 retention pairs,no paired violation under held-fixed coefficients,results/summary.json; results/family-costs.csv,tab:motifs,written model proposition plus finite consistency checks,python summarize.py --out results
C16,The frozen batch has 166 cases with 158 feasible and 8 infeasible and every case has an accepted certificate,frozen validation protocol,run.py; summarize.py; verify.py,inputs/validation-cases.json,no search limit counted as infeasible; all certificate statuses rechecked,results/summary.json; results/verify-run.log,tab:aggregate,finite checked; not workload breadth,python verify.py; python reproduce.py --out <fresh>
C17,The producer and representation-distinct checker semantics agree on all 13570 reachable states and 46110 edges,representation-diverse semantic differential check,tests/semantic_crosscheck.py,all 166 frozen instances,action successor and event-vector sets compared at every reachable state,results/semantic-differential.json,tab:aggregate,complete differential check for frozen inputs; not formal verification,python -m unittest discover -s tests -v
C18,All 55 prespecified corruptions are rejected and naming and relisting metamorphisms hold,prespecified negative and metamorphic testing,tests/test_certificates.py,parser binding trace cost closure label feasible and infeasible corruptions,55 of 55 rejected; both metamorphisms true,results/mutations.json,tab:aggregate,finite negative testing; not parser-security completeness,python -m unittest discover -s tests -v
C19,Selected-plan interval endpoints expand from 67-67 to 4-236 over radii 0 1 3 7,selected-plan interval sensitivity,run.py; summarize.py,four prespecified diamond interval fixtures,event counts and both endpoints recomputed,results/interval-costs.csv,fig:intervals,stipulated-coefficient sensitivity; not measured uncertainty,python reproduce.py --out <fresh>
C20,The six-motif table reports ready fixed sealed destructive and retaining costs without suppressing null retention effects,motif comparison,src/baseline.py; planner; checker,capacity-three switch-cost-nine six-family slice,every reported plan and certificate replayed,results/family-costs.csv,tab:motifs,finite analytical comparison; not external benchmark,python reproduce.py --out <fresh>
C21,The complete frozen closure totals 13570 states and 46110 edges with per-case maxima 242 and 1024,complete frozen closure size observation,run.py; summarize.py,all 166 cases,direct closure counts recorded and independently reconstructed,results/summary.json; results/semantic-differential.json,tab:aggregate,finite size observation,python reproduce.py --out <fresh>
C22,Scientific outputs and all 166 certificate objects reproduce from a clean extraction,clean deterministic reproduction contract,reproduce.py,exact deterministic inputs,"tests, deterministic inputs, chunks, summaries, exhaustive audit, ablations, five CSVs, and all certificates compared; timing excluded",results/reproduction-report.json; results/clean-reproduction.log,none,clean in-project reproduction; not independent external review,python reproduce.py --out <fresh>
C23,No hardware-energy deployment accuracy or scalability conclusion is supported,limitations and refinement obligations,explicit scope boundary,entire packet,abstract units synthetic DAGs and missing concrete refinements stated,README.md; proofs/semantics.md; results/summary.json,Interpretation and Limits section,non-claim boundary,inspect manuscript and README
C24,"Positive static per-value footprints preserve the model-relative preservation, history-erasure, and certificate arguments when capacity and memory-event multiplicities are weighted",Proposition 7 (static-footprint lift); proofs/semantics.md Section 6,src/model.py; independent src/checker.py; tests/test_footprints.py,13 nonuniform-footprint fixtures plus focused unit regressions,"weighted capacity, transfer counts, run reads/writes, and retaining target capacity checked in both semantics",results/footprint-costs.csv; results/semantic-differential.json,tab:aggregate; tab:ablation,written model proposition plus finite differential and unit checks; footprint units remain abstract,python -m unittest discover -s tests -v; python reproduce.py --out <fresh>
C25,"Equal completed set, mode, resident count, and dirty count can have exact continuation costs 56 and 106 solely under different resident/dirty identities and static footprints",static-footprint identity counterexample; proofs/semantics.md Section 6,certificate labels and explicit weighted semantics,footprint-identity frozen fixture,reachable one-resident/one-dirty states use v0 with 3 units versus v3 with 4 units; spread 50,results/certificates/footprint-identity.json; results/summary.json,tab:ablation,finite exact-label counterexample; not a universal minimum-state theorem,python summarize.py --out results
C26,"Producer, set-based checker, and non-memoized oracle agree on all 7290 members of the explicitly declared two-node grammar",complete finite-universe audit; oracle normal-form lemma,exhaustive_audit.py; src/planner.py; src/checker.py; src/oracle.py,"all unary/binary argument shapes, three mode permissions per node, capacities 2-4, two retention choices, and three footprint maps","3204 feasible and 4086 infeasible; 120376 states, 320796 edges, 27570 oracle visits, and 10344 complete plans; no disagreement",results/exhaustive-audit.json,tab:aggregate,exhaustive for the declared 7290-instance grammar only,python exhaustive_audit.py --out <fresh>/exhaustive-audit.json; python reproduce.py --out <fresh>
C27,"Certificate acceptance requires the listed state set to equal the closure reachable from the source, not merely to be successor-closed",exact-closure obligation in Theorems 4-6; proofs/semantics.md Section 5,src/checker.py source traversal; tests/test_certificates.py,feasible and infeasible certificates plus disconnected-component mutation,"checker reconstructs adjacency, traverses from the source, and rejects an appended disconnected closed goal",results/mutations.json,tab:obligations,implemented acceptance condition and negative regression,python -m unittest discover -s tests -v
C28,A half-unit unary event endpoint is outside the executable certificate domain and is rejected by both producer and checker,integer-endpoint premise of interval/certificate definitions and format completeness,src/model.py; src/checker.py; tests/test_declared_domains.py,"one unary node; capacity 2; unit footprints; zero memory costs; operator interval [1/2,1/2]",both independent parsers raise a declared-domain error before graph construction,tests/test_declared_domains.py,none,executable domain regression; no floating-point or arbitrary-real completeness claim,python -m unittest discover -s tests -v
C29,The three-mode home-sealed direct-switch recurrence is not exact; the shipped baseline therefore rejects more than two modes,explicit counterexample to the former unrestricted implementation claim,planner; independent checker replay; src/baseline.py guard; tests/test_declared_domains.py,"single unary node allowed only in mode 2; capacities 2; unit footprints; zero memory/operator costs; cfg(0,2)=10 and cfg(0,1)=cfg(1,2)=1",full semantics and checker accept cost 2 via 0-1-2; direct trace costs 10; home-sealed macro baseline raises for three modes,tests/test_declared_domains.py,none,focused exact regression; frozen scientific campaign remains two-mode and unchanged,python -m unittest discover -s tests -v
