name,url,license,access_date,resource_type,acquisition_and_read_depth,integration_mode,supported_claim,internals_modified
MIT thesis record: Energy-Efficient Circuits and Systems for Computational Imaging and Vision on Mobile Devices,https://dspace.mit.edu/entities/publication/97968d0e-b240-4a5e-a137-7b40fbee95e1,institutional record; citation only; no bytes bundled,2026-09-15,scholarly thesis record,official metadata and abstract inspected; listed full-text bitstream was not retrievable,citation and lineage screening,sole author year title and abstract-level application scope; no chapter-level technical reuse,no
Priyanka Raina publication list,https://priyanka-raina.github.io/publications/,public author metadata; not bundled,2026-09-15,author publication list,publication metadata and links inspected,current-work screening,continuity and bibliographic cross-check for Canal Cascade AHA PEak APEX Onyx Voyager and translation validation,no
Accelergy,https://accelergy.mit.edu/paper.pdf,authors/publisher copyright; citation only; no copy bundled,2026-09-15,scholarly full paper,official full paper inspected for model hierarchy action accounting validation and limits,closest-work comparison,architecture-level component/action energy estimation; does not certify storage legality or finite optimum,no
Timeloop,https://accelergy.mit.edu/timeloop.pdf,authors/publisher copyright; citation only; no copy bundled,2026-09-15,scholarly full paper,official full paper inspected for representation mapper and evaluation structure,closest-work comparison,systematic mapping exploration and analytical evaluation; no successor-closed optimality certificate,no
MAESTRO,https://doi.org/10.1109/MM.2020.2985963,publisher copyright; citation only,2026-09-15,scholarly paper,bibliographic record and substantive paper material inspected,related-work comparison,data-centric reuse performance and hardware-cost analysis,no
Interstellar,https://arxiv.org/abs/1809.04070,arXiv author manuscript; citation only,2026-09-15,scholarly full paper,full author manuscript inspected for schedule representation allocation and case studies,closest-work comparison,Halide-schedule dataflow analysis; no dirty-home-validity boundary contract,no
ZigZag,https://arxiv.org/abs/2007.11360,arXiv author manuscript; citation only,2026-09-15,scholarly full paper,full author manuscript inspected for joint architecture-mapping exploration,closest-work comparison,uneven mappings and hierarchy exploration; not independently checked finite storage semantics,no
Sparseloop,https://arxiv.org/abs/2205.05826,arXiv author manuscript; citation only,2026-09-15,scholarly full paper,full author manuscript inspected for sparse-action taxonomy analytical model and validation,closest-work comparison,sparse action counting and estimation; no exact reconfiguration-boundary composition theorem,no
SAT-Based Exact Modulo Scheduling Mapping for Resource-Constrained CGRAs,https://arxiv.org/abs/2402.12834,arXiv author manuscript; citation only,2026-09-15,scholarly full paper,full preprint inspected for exact SAT formulation and evaluation,closest-work comparison,exact mapping/II under a distinct architecture model; not this cost certificate,no
Canal,https://arxiv.org/abs/2211.17207,arXiv author manuscript; citation only,2026-09-15,scholarly full paper,full author manuscript inspected for IR interconnect generator and DSE,closest-work comparison,CGRA interconnect generation context; no continuation-value boundary theorem,no
Cascade,https://arxiv.org/abs/2211.13182,arXiv author manuscript; citation only,2026-09-15,scholarly full paper,full author manuscript inspected for post-PnR pipelining timing model and evaluation,closest-work comparison,physical compiler pipeline optimization; no proof-carrying abstract cost optimum,no
AHA,https://doi.org/10.1145/3534933,publisher/author copyright; citation only,2026-09-15,scholarly paper,author publication record and paper material inspected for agile accelerator/compiler stack,context comparison,generated CGRA and compiler infrastructure context,no
Unified Buffer,https://arxiv.org/abs/2105.12858,arXiv author manuscript; citation only,2026-09-15,scholarly full paper,full author manuscript inspected for push-memory abstraction and evaluation,closest-work comparison,storage/address/control compiler abstraction; no resident/dirty certificate semantics,no
PEak,https://arxiv.org/abs/2308.13106,arXiv author manuscript; citation only,2026-09-15,scholarly full paper,full author manuscript inspected for unified functional formal and RTL description,closest-work comparison,hardware design/verification source of truth; not a planner-optimality certificate,no
APEX,https://doi.org/10.1145/3582016.3582070,publisher/author copyright; citation only,2026-09-15,scholarly paper,author manuscript/record inspected for processing-element DSE,context comparison,frequent-subgraph-driven PE design-space exploration,no
Onyx,https://doi.org/10.1109/JSSC.2025.3604724,publisher/author copyright; citation only,2026-09-15,scholarly publication record,author list metadata and linked manuscript context inspected,current architecture context,2026 programmable dense/sparse accelerator context; no use as proof evidence,no
Voyager,https://arxiv.org/abs/2509.15205,arXiv author manuscript; citation only,2026-09-17,scholarly full paper,full preprint overview method and evaluation claims inspected,current closest-context comparison,2025 arXiv end-to-end accelerator DSE/generation preprint; no finite boundary-state certificate,no
Automated Translation Validation of a Compiler for Statically Scheduled Accelerators,https://doi.org/10.34727/2025/isbn.978-3-85448-084-6_26,open proceedings paper; citation only,2026-09-15,scholarly full paper,open full paper inspected for validation obligations and accelerator compiler case study,closest-work comparison and refinement path,producer-distrust and compiler validation pattern; semantic equivalence rather than cost optimality,no
Capstone: Power-Capped Pipelining for Coarse-Grained Reconfigurable Array Compilers,https://arxiv.org/abs/2603.00909,arXiv author manuscript; citation only,2026-09-15,scholarly full paper,full preprint objective method and evaluation claims inspected,current closest-work comparison,2026 compiler-resident power model and power-capped post-PnR pipelining; no exact boundary-state certificate,no
Computing’s Energy Problem,https://doi.org/10.1109/ISSCC.2014.6757323,publisher copyright; citation only,2026-09-15,scholarly paper,paper and widely used energy-hierarchy context inspected,influential calibration,motivates data-movement cost without treating one technology table as a universal law,no
Eyeriss,https://doi.org/10.1109/JSSC.2016.2616357,publisher copyright; citation only,2026-09-15,scholarly paper,paper architecture dataflow and measured evaluation context inspected,influential calibration,connects dataflow and hierarchy choices to measured hardware evidence,no
Tensor Processing Unit,https://doi.org/10.1145/3079856.3080246,publisher copyright; citation only,2026-09-15,scholarly paper,paper system architecture workload and measured evaluation context inspected,influential calibration,separates architectural mechanism workload evidence and deployment measurements,no
Roofline,https://doi.org/10.1145/1498765.1498785,publisher copyright; citation only,2026-09-15,scholarly paper,paper analytical model assumptions and explanatory use inspected,influential calibration,calibrates bounded analytical storytelling and explicit assumptions,no
Aladdin,https://doi.org/10.1145/2665671.2665719,publisher copyright; citation only,2026-09-15,scholarly paper,paper modeling framework validation and DSE structure inspected,influential calibration,pre-RTL accelerator modeling with lower-level validation,no
Proof-Carrying Code,https://doi.org/10.1145/263699.263712,publisher copyright; citation only,2026-09-15,scholarly paper,technical principle and certificate/checker separation inspected,adjacent-work comparison,untrusted producer supplies a checkable witness; no PCC security property claimed here,no
Certifying Algorithms,https://doi.org/10.1016/j.cosrev.2010.09.009,publisher copyright; citation only,2026-09-15,scholarly paper,survey framework and witness-checking principle inspected,adjacent-work comparison,frames certifying output and checker discipline; no succinctness claim,no
Scratchpad Memory: Design Alternative for Cache On-Chip Memory in Embedded Systems,https://doi.org/10.1145/774789.774805,publisher copyright; citation only,2026-09-15,scholarly paper,paper scratchpad energy and explicit-management context inspected,adjacent-work comparison,software-visible residence/data movement as a first-order design choice,no
On the Limitations of Analysing Worst-Case Dynamic Energy of Processing,https://arxiv.org/abs/1603.02580,arXiv author manuscript; citation only,2026-09-15,scholarly full paper,full preprint argument and limitations inspected,adjacent-work boundary,prevents abstract interval upper costs from being called physical worst-case energy,no
EnergyAnalyzer,https://arxiv.org/abs/2305.14968,arXiv record linked to open paper; citation only,2026-09-15,scholarly paper,preprint/record inspected for static WCET-derived event analysis,adjacent-work comparison,static event analysis still depends on architecture-specific energy models,no
Dijkstra shortest paths,https://doi.org/10.1007/BF01386390,publisher copyright; citation only,2026-09-15,scholarly paper,bibliographic and algorithmic foundation inspected,method background,shortest-path foundation; no novelty attributed to using it,no
IEEE TCAD submission guide,https://ieee-ceda.org/publications/tcad/tcad-paper-submissions,official public guidance; not scholarly bibliography,2026-09-17,official venue rule,live guide inspected,workflow contract only,regular-paper length and formatting route; must be rechecked before external use,no
IEEE template selector,https://template-selector.ieee.org/,official publisher service,2026-09-15,official template route,live selector access was not sufficient for a final external-use certification,workflow hold,supplied IEEE journal family retained; live route still requires pre-submission recheck,no
Supplied IEEEtran class and bibliography style,https://template-selector.ieee.org/,LPPL notices preserved in supplied files,2026-09-15,publisher assets supplied by user,class and style byte-preserved from matched template archive,unmodified manuscript assets,IEEE journal 10-point two-column family; not proof of a future selector state,no
