case,capacity,retain,cfg,ready,fixed,sealed,saved_vs_fixed,run_order
schedule-3-0-0,3,0,0,71,104,113,33,1-3-0-2-4
schedule-3-0-9,3,0,9,85,131,127,46,0-2-1-3-4
schedule-3-0-40,3,0,40,116,224,158,108,0-2-1-3-4
schedule-3-1-0,3,1,0,57,57,113,0,1-3-0-2-4
schedule-3-1-9,3,1,9,71,89,127,18,0-2-1-3-4
schedule-3-1-40,3,1,40,102,182,158,80,0-2-1-3-4
schedule-4-0-0,4,0,0,71,104,113,33,1-3-0-2-4
schedule-4-0-9,4,0,9,85,131,127,46,0-2-1-3-4
schedule-4-0-40,4,0,40,116,224,158,108,0-2-1-3-4
schedule-4-1-0,4,1,0,57,57,113,0,1-3-0-2-4
schedule-4-1-9,4,1,9,71,89,127,18,0-2-1-3-4
schedule-4-1-40,4,1,40,102,182,158,80,0-2-1-3-4
